{"parameters/fc1.weight": {"_type": "histogram", "values": [1.0, 0.0, 0.0, 0.0, 0.0, 1.0, 1.0, 0.0, 1.0, 4.0, 1.0, 1.0, 1.0, 3.0, 3.0, 2.0, 2.0, 0.0, 1.0, 2.0, 1.0, 3.0, 0.0, 0.0, 0.0, 1.0, 2.0, 1.0, 0.0, 0.0, 4.0, 0.0, 0.0, 2.0, 3.0, 1.0, 3.0, 3.0, 1.0, 4.0, 0.0, 4.0, 1.0, 0.0, 0.0, 5.0, 4.0, 0.0, 3.0, 1.0, 3.0, 2.0, 1.0, 1.0, 4.0, 2.0, 0.0, 2.0, 2.0, 1.0, 1.0, 3.0, 0.0, 3.0], "bins": [-1.0593551397323608, -1.0258938074111938, -0.9924324750900269, -0.9589711427688599, -0.9255098104476929, -0.8920484781265259, -0.8585870862007141, -0.8251257538795471, -0.7916644215583801, -0.7582030892372131, -0.7247417569160461, -0.6912803649902344, -0.6578190326690674, -0.6243577003479004, -0.5908963680267334, -0.5574350357055664, -0.5239737033843994, -0.4905123710632324, -0.45705103874206543, -0.42358970642089844, -0.39012837409973145, -0.3566669821739197, -0.3232056498527527, -0.2897443175315857, -0.2562829852104187, -0.2228216528892517, -0.18936032056808472, -0.15589898824691772, -0.12243759632110596, -0.08897626399993896, -0.05551493167877197, -0.02205359935760498, 0.011407852172851562, 0.044869184494018555, 0.07833051681518555, 0.11179184913635254, 0.14525318145751953, 0.1787145733833313, 0.2121759057044983, 0.24563723802566528, 0.2790985703468323, 0.31255990266799927, 0.34602123498916626, 0.37948256731033325, 0.412943959236145, 0.446405291557312, 0.479866623878479, 0.513327956199646, 0.546789288520813, 0.58025062084198, 0.613711953163147, 0.647173285484314, 0.680634617805481, 0.714095950126648, 0.7475573420524597, 0.7810186743736267, 0.8144800066947937, 0.8479413390159607, 0.8814026713371277, 0.9148640632629395, 0.9483253955841064, 0.9817867279052734, 1.0152480602264404, 1.0487093925476074, 1.0821707248687744]}, "_timestamp": 1700144765.532178, "parameters/fc1.bias": {"_type": "histogram", "values": [1.0, 0.0, 0.0, 1.0, 1.0, 0.0, 0.0, 1.0, 0.0, 0.0, 1.0, 2.0, 1.0, 1.0, 0.0, 0.0, 0.0, 1.0, 0.0, 0.0, 0.0, 1.0, 0.0, 0.0, 0.0, 0.0, 0.0, 0.0, 0.0, 0.0, 0.0, 0.0, 0.0, 0.0, 1.0, 1.0, 1.0, 0.0, 0.0, 0.0, 1.0, 1.0, 1.0, 0.0, 0.0, 1.0, 0.0, 1.0, 0.0, 0.0, 1.0, 0.0, 0.0, 0.0, 1.0, 0.0, 1.0, 1.0, 0.0, 2.0, 3.0, 1.0, 2.0, 1.0], "bins": [-1.0939643383026123, -1.059981346130371, -1.0259982347488403, -0.9920152425765991, -0.9580321907997131, -0.9240491390228271, -0.8900661468505859, -0.8560830950737, -0.822100043296814, -0.788116991519928, -0.754133939743042, -0.7201509475708008, -0.6861678957939148, -0.6521848440170288, -0.6182018518447876, -0.5842188000679016, -0.5502357482910156, -0.5162526965141296, -0.48226964473724365, -0.44828665256500244, -0.41430360078811646, -0.38032054901123047, -0.34633755683898926, -0.31235450506210327, -0.2783714532852173, -0.2443884015083313, -0.2104053497314453, -0.1764223575592041, -0.14243930578231812, -0.10845625400543213, -0.07447326183319092, -0.040490150451660156, -0.006507158279418945, 0.027475833892822266, 0.06145894527435303, 0.09544193744659424, 0.12942498922348022, 0.1634080410003662, 0.19739103317260742, 0.2313740849494934, 0.2653571367263794, 0.2993401885032654, 0.33332324028015137, 0.3673062324523926, 0.40128928422927856, 0.43527233600616455, 0.46925532817840576, 0.5032383799552917, 0.5372214317321777, 0.5712044835090637, 0.6051875352859497, 0.6391705274581909, 0.6731535792350769, 0.7071366310119629, 0.7411196231842041, 0.7751026749610901, 0.8090857267379761, 0.8430687785148621, 0.877051830291748, 0.9110348224639893, 0.9450178742408752, 0.9790009260177612, 1.0129839181900024, 1.0469670295715332, 1.0809500217437744]}, "parameters/fc2.weight": {"_type": "histogram", "values": [1.0, 0.0, 0.0, 3.0, 0.0, 1.0, 2.0, 0.0, 0.0, 0.0, 0.0, 0.0, 1.0, 0.0, 0.0, 1.0, 0.0, 0.0, 1.0, 0.0, 0.0, 1.0, 0.0, 0.0, 0.0, 0.0, 0.0, 0.0, 0.0, 1.0, 0.0, 0.0, 0.0, 2.0, 1.0, 0.0, 1.0, 0.0, 0.0, 0.0, 0.0, 0.0, 0.0, 0.0, 0.0, 1.0, 1.0, 1.0, 0.0, 0.0, 0.0, 0.0, 1.0, 1.0, 0.0, 2.0, 1.0, 1.0, 0.0, 2.0, 1.0, 3.0, 0.0, 1.0], "bins": [-0.8028082251548767, -0.7769100666046143, -0.7510119080543518, -0.7251137495040894, -0.6992155313491821, -0.6733174324035645, -0.6474192142486572, -0.6215210556983948, -0.5956228971481323, -0.5697247385978699, -0.5438265800476074, -0.5179283618927002, -0.49203023314476013, -0.4661320745944977, -0.44023388624191284, -0.4143357276916504, -0.38843756914138794, -0.3625394105911255, -0.33664125204086304, -0.3107430636882782, -0.28484493494033813, -0.2589467167854309, -0.23304855823516846, -0.207150399684906, -0.18125224113464355, -0.1553540825843811, -0.12945592403411865, -0.1035577654838562, -0.07765954732894897, -0.05176138877868652, -0.025863230228424072, 3.4928321838378906e-05, 0.025933027267456055, 0.051831185817718506, 0.07772934436798096, 0.10362750291824341, 0.12952566146850586, 0.15542387962341309, 0.18132203817367554, 0.207220196723938, 0.23311835527420044, 0.2590165138244629, 0.28491467237472534, 0.3108128309249878, 0.336711049079895, 0.3626091778278351, 0.3885073661804199, 0.4144055247306824, 0.4403036832809448, 0.4662018418312073, 0.4921000003814697, 0.517998218536377, 0.5438963174819946, 0.5697945356369019, 0.5956926941871643, 0.6215908527374268, 0.6474890112876892, 0.6733871698379517, 0.6992853283882141, 0.7251834869384766, 0.7510817050933838, 0.7769798636436462, 0.8028780221939087, 0.8287761807441711, 0.8546743392944336]}, "parameters/fc2.bias": {"_type": "histogram", "values": [0.0, 0.0, 0.0, 0.0, 0.0, 0.0, 0.0, 0.0, 0.0, 0.0, 0.0, 0.0, 0.0, 0.0, 0.0, 0.0, 0.0, 0.0, 0.0, 0.0, 0.0, 0.0, 0.0, 0.0, 0.0, 0.0, 0.0, 0.0, 0.0, 0.0, 0.0, 0.0, 1.0, 0.0, 0.0, 0.0, 0.0, 0.0, 0.0, 0.0, 0.0, 0.0, 0.0, 0.0, 0.0, 0.0, 0.0, 0.0, 0.0, 0.0, 0.0, 0.0, 0.0, 0.0, 0.0, 0.0, 0.0, 0.0, 0.0, 0.0, 0.0, 0.0, 0.0, 0.0], "bins": [0.0862581878900528, 0.0862581878900528, 0.0862581878900528, 0.0862581878900528, 0.0862581878900528, 0.0862581878900528, 0.0862581878900528, 0.0862581878900528, 0.0862581878900528, 0.0862581878900528, 0.0862581878900528, 0.0862581878900528, 0.0862581878900528, 0.0862581878900528, 0.0862581878900528, 0.0862581878900528, 0.0862581878900528, 0.0862581878900528, 0.0862581878900528, 0.0862581878900528, 0.0862581878900528, 0.0862581878900528, 0.0862581878900528, 0.0862581878900528, 0.0862581878900528, 0.0862581878900528, 0.0862581878900528, 0.0862581878900528, 0.0862581878900528, 0.0862581878900528, 0.0862581878900528, 0.0862581878900528, 0.0862581878900528, 0.0862581878900528, 0.0862581878900528, 0.0862581878900528, 0.0862581878900528, 0.0862581878900528, 0.0862581878900528, 0.0862581878900528, 0.0862581878900528, 0.0862581878900528, 0.0862581878900528, 0.0862581878900528, 0.0862581878900528, 0.0862581878900528, 0.0862581878900528, 0.0862581878900528, 0.0862581878900528, 0.0862581878900528, 0.0862581878900528, 0.0862581878900528, 0.0862581878900528, 0.0862581878900528, 0.0862581878900528, 0.0862581878900528, 0.0862581878900528, 0.0862581878900528, 0.0862581878900528, 0.0862581878900528, 0.0862581878900528, 0.0862581878900528, 0.0862581878900528, 0.0862581878900528, 0.0862581878900528]}, "gradients/fc2.bias": {"_type": "histogram", "values": [0.0, 0.0, 0.0, 0.0, 0.0, 0.0, 0.0, 0.0, 0.0, 0.0, 0.0, 0.0, 0.0, 0.0, 0.0, 0.0, 0.0, 0.0, 0.0, 0.0, 0.0, 0.0, 0.0, 0.0, 0.0, 0.0, 0.0, 0.0, 0.0, 0.0, 0.0, 0.0, 1.0, 0.0, 0.0, 0.0, 0.0, 0.0, 0.0, 0.0, 0.0, 0.0, 0.0, 0.0, 0.0, 0.0, 0.0, 0.0, 0.0, 0.0, 0.0, 0.0, 0.0, 0.0, 0.0, 0.0, 0.0, 0.0, 0.0, 0.0, 0.0, 0.0, 0.0, 0.0],