{"acc": 0.9895399299986339, "loss": 0.0771874488471144, "_timestamp": 1698934494.691227, "_runtime": 0.6002500057220459, "_step": 7, "_wandb": {"runtime": 0}}